text,target
Similarity has always been a key aspect in computer science and statistics ,1
"Any time two element vectors are compared, many different similarity approaches can be used, depending on the final goal of the comparison (Euclidean distance, Pearson correlation coefficient, Spearman’s rank correlation coefficient, and others) ",1
"But if the comparison has to be applied to more complex data samples, with features having different dimensionality and types which might need compression before processing, these measures would be unsuitable ",1
"In these cases, a siamese neural network may be the best choice: it consists of two identical artificial neural networks each capable of learning the hidden representation of an input vector ",1
"The two neural networks are both feedforward perceptrons, and employ error back-propagation during training",1
" they work parallelly in tandem and compare their outputs at the end, usually through a cosine distance ",1
The output generated by a siamese neural network execution can be considered the semantic similarity between the projected representation of the two input vectors ,1
"In this overview we first describe the siamese neural network architecture, and then we outline its main applications in a number of computational fields since its appearance in 1994 ",1
"Additionally, we list the programming languages, software packages, tutorials, and guides that can be practically used by readers to implement this powerful machine learning model",1
 This section reviews existing tracking methods that are mostly related to ours,1
" Tracking by discriminative appearance modeling: One simple yet effective manner of using deep networks for visual tracking is to directly apply correlation filters on the multi-dimensional feature maps of deep Convolutional Neural Networks (CNNs), where the pre-trained CNN model is fixed ",1
"Recently, Danelljan et al ",1
" have introduced a continuous spatial domain formulation named C-COT, allowing effective integration of multi-resolution deep features ",1
"C-COT and its improved version ECO have achieved top performance in the VOT challenge , but they are not suitable for real-time applications as the tracking speed is rather slow ",1
Another category of deep trackers  update a pre-trained CNN online to account for the target-specific appearance at test time ,1
"For instance, Wang et al ",1
 proposes a feature map selection scheme and predicts a response map for the target with a heavily online updating schedule ,1
"However, these methods  rely on computationally inefficient search algorithms, such as sliding window or candidate sampling, which significantly reduce their applicability in real time scenarios ",1
"Meanwhile, they also highly rely on online updates, which are computationally inefficient and not desirable for real-time tasks ",1
Tracking by Siamese Network: Siamese network based trackers  select target from candidate patches through a matching function learned offline on image pairs ,1
"The matching function is usually implemented by two-branch CNNs with tied parameters, which takes the image pairs as input and predicts their similarity ",1
"Although SiamFC  can run beyond real-time, its tracking accuracy is still inferior to state-of-the-art trackers, due to the lack of online adaptation ability ",1
"Despite SINT  achieves higher tracking accuracy, it adopts optical flow to facilitate candidate sampling and is much slower (about 2 fps) than SiamFC ",1
"Recently, the DSiamM tracker proposes to perform online update of siamese network by integrating correlation filters into the network ",1
"In , a policy is learned to decide whether to locate objects on early layers to speed up the tracking process ",1
"Though we also adopt the Siamese network architecture for tracking, our method significantly differs from existing methods in that ours is able to automatically detect local patterns of target appearance and models their structure relationships ",1
"Experiments confirm that our method can better handle challenge cases like drastic appearance change, partial occlusion, and rotation",1
"Generally, our local pattern detector tends to capture local patterns like heads, legs and torsos of persons, wheels of cars or bicycles, and regions with significant edges (we will show examples in Figure 4 in section 4)",1
"They are common in visual tracking tasks, and their appearances can be significantly different for various targets, sequences and time",1
"Thus, embedding prior knowledge on these generic local patterns into the network is benefit for target recognition during tracking",1
We regard the prior knowledge as the relationships among local patterns,1
"When the tracked object is undergoing cluttered background or drastic appearance change, the detection result of each single local pattern is not reliable",1
"Thus the relationships between different local patterns (i.e., context information) should be considered to facilitate the detection process",1
"The context information incorporation is achieved by message passing, which can enforce the responses of regions that are highly structural, and suppress the noisy background responses",1
"To implement the message passing process efficiently, we introduce conditional random field (CRF) approximation into our network",1
We formulate the target’s local pattern detection problem by using a graph and model the joint probability relationships among local patterns generated by previous stage through CRF,1
A Siamese neural network (sometimes called a twin neural network) is an artificial neural network that uses the same weights while working in tandem on two different input vectors to compute comparable output vectors,1
"Often one of the output vectors is precomputed, thus forming a baseline against which the other output vector is compared",1
This is similar to comparing fingerprints but can be described more technically as a distance function for locality-sensitive hashing,1
It is possible to build an architecture that is functionally similar to a siamese network but implements a slightly different function,1
This is typically used for comparing similar instances in different type sets.,1
"Uses of similarity measures where a twin network might be used are such things as recognizing handwritten checks, automatic detection of faces in camera images, and matching queries with indexed documents",1
"The perhaps most well-known application of twin networks are face recognition, where known images of people are precomputed and compared to an image from a turnstile or similar",1
"It is not obvious at first, but there are two slightly different problems",1
"One is recognizing a person among a large number of other persons, that is the facial recognition problem",1
DeepFace is an example of such a system,1
In its most extreme form this is recognizing a single person at a train station or airport,1
"The other is face verification, that is to verify whether the photo in a pass is the same as the person claiming he or she is the same person",1
"The twin network might be the same, but the implementation can be quite different",1
"CNNs can jointly optimize the representation of the input data conditioned on the “similarity” measure being used, aka end-toend learning.",1
"he main advantages of Siamese Networks are,",1
"More Robust to class Imbalance: With the aid of One-shot learning, given a few images per class is sufficient for Siamese Networks to recognize those images in the future",1
Nice to an ensemble with the best classifier: ,1
"Given that its learning mechanism is somewhat different from Classification, simple averaging of it with a Classifier can do much better than average 2 correlated Supervised models (e.g. GBM & RF classifier)",1
Learning from Semantic Similarity: ,1
Siamese focuses on learning embeddings (in the deeper layer) that place the same classes/concepts close together,1
"Hence, can learn semantic similarity.",1
"The downsides of the Siamese Networks can be,",1
"A Siamese Neural Network is a class of neural network architectures that contain two or more identical subnetworks. ‘identical’ here means, they have the same configuration with the same parameters and weights",1
Parameter updating is mirrored across both sub-networks,1
"It is used to find the similarity of the inputs by comparing its feature vectors, so these networks are used in many applications",1
"Traditionally, a neural network learns to predict multiple classes",1
"This poses a problem when we need to add/remove new classes to the data. In this case, we have to update the neural network and retrain it on the whole dataset",1
"Also, deep neural networks need a large volume of data to train on",1
"SNNs, on the other hand, learn a similarity function",1
"Thus, we can train it to see if the two images are the same (which we will do here)",1
This enables us to classify new classes of data without training the network again.,1
Needs more training time than normal networks: Since Siamese Networks involves quadratic pairs to learn from (to see all information available) it is slower than normal classification type of learning(pointwise learning),1
"Doesn’t output probabilities: Since training involves pairwise learning, it won’t output the probabilities of the prediction, but the distance from each class",1
"Since training of Siamese networks involves pairwise learning usual, Cross entropy loss cannot be used in this case, mainly two loss functions are mainly used in training these Siamese networks, they are",1
Triplet loss is a loss function where a baseline (anchor) input is compared to a positive (truthy) input and a negative (falsy) input,1
"The distance from the baseline (anchor) input to the positive (truthy) input is minimized, and the distance from the baseline (anchor) input to the negative (falsy) input is maximized.",1
"We are going to use the ICDAR 2011 dataset which consists of the signatures of the dutch users both genuine and fraud, and the dataset itself is separated as train and folders, inside each folder, it consists of users folder separated as genuine and forgery, also the labels of the dataset is available as CSV files, you can download the dataset from here",1
"Now to fed this raw data into our neural network, we have to turn all the images into tensors and add the labels from the CSV files to the images, to do this we can use the custom dataset class from Pytorch, here is how our full code will look like",1
"In this article, we discussed how Siamese networks are different from normal deep learning networks and implemented a Signature verification system using Siamese networks",1
Siamese nets were first introduced in the early 1990s by Bromley and LeCun to solve signature verification as an,1
image matching problem,1
A siamese neural network consists of twin networks which accept distinct inputs but are joined by an energy function at the top.,1
This function computes some metric between the highestlevel feature representation on each side,1
The parameters between the twin networks are tied,1
Weight tying guarantees that two extremely similar images could not possibly be mapped by their respective networks to very different locations in feature space because each network,1
computes the same function,1
"Also, the network is symmetric, so that whenever we present two distinct images to the twin networks, the top conjoining layer will compute the same metric as if we were to we present the same two images but to the opposite twins.",1
"In LeCun et al., the authors used a contrastive energy function which contained dual terms to decrease the energy of",1
like pairs and increase the energy of unlike pairs,1
"However, in this paper we use the weighted L1 distance between the twin feature vectors h1 and h2 combined with a sigmoid activation, which maps onto the interval [0, 1].",1
Thus a cross-entropy objective is a natural choice for training the network,1
"Note that in LeCun et al., they directly learned the similarity metric, which was implictly defined Several factors make convolutional networks especially appealing",1
"Local connectivity can greatly reduce the number of parameters in the model, which inherently provides",1
"some form of built-in regularization, although convolutional layers are computationally more expensive than standard nonlinearities",1
"Also, the convolution operation used in these networks has a direct filtering interpretation, where each feature map is convolved against input features to identify patterns as groupings of pixels",1
"Thus, the outputs of each convolutional layer correspond to important spatial features in the original input space and offer some robustness to simple transforms",1
"Finally, very fast CUDA libraries are now available in order to build large convolutional networks without an unacceptable amount of training time",1
"The model consists of a sequence of convolutional layers, each of which uses a single channel with filters of varying size and a fixed stride of 1",1
The number of convolutional filters is specified as a multiple of 16 to optimize performance,1
"The network applies a ReLU activation function to the output feature maps, optionally followed by maxpooling with a filter size and stride of 2",1
Thus the kth filter map in each layer takes the following form:,1
We have presented a strategy for performing one-shot classification by first learning deep convolutional siamese neural networks for verification,1
We outlined new results comparing the performance of our networks to an existing state-of-the-art classifier developed for the Omniglot data set,1
Our networks outperform all available baselines by a significant margin and come close to the best numbers achieved by the previous authors,1
